{
  "best_fitness": 0.9788461419034311,
  "selected_indices": [
    7,
    20,
    21,
    22,
    24,
    25,
    26,
    28
  ],
  "selected_features": [
    "mean concave points",
    "worst radius",
    "worst texture",
    "worst perimeter",
    "worst smoothness",
    "worst compactness",
    "worst concavity",
    "worst symmetry"
  ],
  "num_selected": 8,
  "total_features": 30,
  "scoring": "accuracy",
  "cv_folds": 5,
  "cv_mean": 0.98067070330694,
  "cv_std": 0.011632763667088453,
  "cv_fold_scores": [
    0.9649122807017544,
    0.9824561403508771,
    1.0,
    0.9736842105263158,
    0.9823008849557522
  ],
  "alpha": 0.02,
  "penalty": 0.005333333333333333,
  "selected_fraction": 0.26666666666666666
}