{
  "best_fitness": 0.9738596491228071,
  "selected_indices": [
    6,
    14,
    20,
    21,
    27
  ],
  "selected_features": [
    "mean concavity",
    "smoothness error",
    "worst radius",
    "worst texture",
    "worst concave points"
  ],
  "num_selected": 5,
  "total_features": 30,
  "scoring": "accuracy",
  "cv_folds": 5,
  "cv_mean": 0.9736531594472908,
  "cv_std": 0.01838545113486739,
  "cv_fold_scores": [
    0.9385964912280702,
    0.9824561403508771,
    0.9912280701754386,
    0.9736842105263158,
    0.9823008849557522
  ],
  "alpha": 0.02,
  "penalty": 0.003333333333333333,
  "selected_fraction": 0.16666666666666666
}