{
  "best_fitness": 0.9755283341096104,
  "selected_indices": [
    1,
    2,
    3,
    12,
    14,
    15,
    17,
    20,
    21,
    22,
    24,
    26,
    29
  ],
  "selected_features": [
    "mean texture",
    "mean perimeter",
    "mean area",
    "perimeter error",
    "smoothness error",
    "compactness error",
    "concave points error",
    "worst radius",
    "worst texture",
    "worst perimeter",
    "worst smoothness",
    "worst concavity",
    "worst fractal dimension"
  ],
  "num_selected": 13,
  "total_features": 30,
  "scoring": "accuracy",
  "cv_folds": 5,
  "cv_mean": 0.9683900015525537,
  "cv_std": 0.018038472205640112,
  "cv_fold_scores": [
    0.9649122807017544,
    0.9385964912280702,
    0.9649122807017544,
    0.9912280701754386,
    0.9823008849557522
  ],
  "alpha": 0.02,
  "penalty": 0.008666666666666668,
  "selected_fraction": 0.43333333333333335
}